{
    "feature_names": [
        "age",
        "sex",
        "cp",
        "trestbps",
        "chol",
        "fbs",
        "restecg",
        "thalach",
        "exang",
        "oldpeak",
        "slope",
        "ca",
        "thal"
    ],
    "intercept": -0.08114832963150215,
    "coefficients": [
        -0.10339895760753887,
        0.6561288471114092,
        0.543207057147102,
        0.31367819619422654,
        0.21552924182801758,
        -0.22055592608449284,
        0.2172763778420889,
        -0.3482181293902305,
        0.3837132169847313,
        0.14919463260390453,
        0.35432053729840657,
        1.1080857060281302,
        0.6782542784966419
    ],
    "scaler_mean": [
        54.549586776859506,
        0.6818181818181818,
        3.152892561983471,
        130.95867768595042,
        249.8388429752066,
        0.1446280991735537,
        0.9793388429752066,
        149.96280991735537,
        0.32644628099173556,
        0.9991735537190083,
        1.5867768595041323,
        0.6074380165289256,
        4.706611570247934
    ],
    "scaler_var": [
        80.61117751519706,
        0.21694214876033058,
        0.9476982446554197,
        309.27101973908884,
        2781.2508879174925,
        0.1237108121029984,
        0.9954408851854383,
        512.5482036746124,
        0.21987910661840035,
        1.2557844409534866,
        0.3747011816132778,
        0.7756471552489586,
        3.7775595929239816
    ],
    "scaler_scale": [
        8.978372765440131,
        0.46577048936179993,
        0.9734979428100604,
        17.58610302878636,
        52.737566192586975,
        0.35172547832506873,
        0.9977178384620765,
        22.639527461380734,
        0.4689126854952853,
        1.1206178835595506,
        0.612128402880701,
        0.8807083258655833,
        1.9435945032140787
    ]
}